date,gdp_def,gdp,cons,inv,gov,inflation,long_rate,short_rate,t_total,t_income,t_corp,t_cons,t_other,dispo_income,dispo_corp
1980-01-01,89.54065780265918,280315.3187749931,156236.46745834546,72537.65134951675,72906.70860916501,,,,28881.99025654847,11608.821490232904,9591.284076345524,0.0,7681.88468997004,251433.32851844464,270724.0346986476
1980-04-01,91.70062981105667,279041.59988520725,156502.68690479666,72490.42230863574,71949.68210469582,,,,28750.75398760269,11556.072410072464,9547.702442067628,0.0,7646.979135462594,250290.84589760457,269493.89744313963
1980-07-01,92.68243526941916,284924.69097662,158569.76063889972,71680.58974983243,72491.42711018644,,,,29356.91201108538,11799.711446959387,9748.998604372802,0.0,7808.201959753191,255567.77896553464,275175.6923722472
1980-10-01,93.66424072778165,290555.67779891146,159163.3525440038,72200.78070247447,74808.93051961686,,,,29937.09473976001,12032.90997895366,9941.668753399184,0.0,7962.5160074071655,260618.58305915145,280614.0090455123
1981-01-01,93.86060181945413,293043.36291782995,159770.09234673128,72672.8472769676,75894.21010852042,4.824561403508754,,,30308.714340129023,12541.767998883735,9235.89764700275,0.0,8531.048694242538,262734.64857770095,283807.4652708272
1981-04-01,94.25332400279913,295758.93948859634,160881.14065674838,73181.39884512711,75705.21079572217,2.7837259100642164,,,30589.579375708025,12657.990154521862,9321.484936919396,0.0,8610.104284266767,265169.36011288833,286437.4545516769
1981-07-01,94.54786564030788,297144.7855450689,162750.8940048141,73946.57645769461,76727.65631535246,2.0127118644067687,,,30732.913835928503,12717.302058225754,9365.162883434336,0.0,8650.448894268411,266411.8717091404,287779.6226616346
1981-10-01,95.43149055283413,298589.241167817,164037.75722491098,73653.91308825421,76912.97705131034,1.8867924528301883,,,30882.31013144925,12779.12235377795,9410.688037645317,0.0,8692.499740025982,267706.9310363677,289178.55313017167
1982-01-01,96.21693491952412,302730.77601594664,166669.98671344438,72173.47291580393,77480.6709366749,2.5104602510460428,,,31373.36854032091,13208.524293935398,9392.75123703883,0.0,8772.093009346687,271357.40747562575,293338.0247789078
1982-04-01,96.02057382785162,304697.10618095665,169150.96441846565,73667.23123011402,77691.44344752828,1.8750000000000044,,,31577.148287298332,13294.317750736314,9453.760065849981,0.0,8829.070470712037,273119.9578936583,295243.34611510666
1982-07-01,96.41329601119662,305936.84399242315,168625.8638870274,74207.23151980805,78066.06175927147,1.973001038421618,,,31705.627960770515,13348.409069816484,9492.225097438453,0.0,8864.99379351558,274231.21603165264,296444.6188949847
1982-10-01,96.31511546536036,310260.75435263367,172972.21230757324,74160.3382304025,78470.60579071603,0.9259259259259078,,,32153.73447657137,13537.066714041694,9626.381970813538,0.0,8990.285791716136,278107.0198760623,300634.3723818201
1983-01-01,96.90419874037786,312478.77311608224,173177.38066350983,75034.63507249363,79565.33037420972,0.7142857142857117,,,32844.75874852599,13847.899137296778,9972.196695280456,0.0,9024.662915948755,279634.01436755626,302506.5764208018
1983-04-01,97.10055983205037,314869.3991305657,173915.80328584486,74024.13504852526,79638.70306902567,1.1247443762781195,,,33096.03832800158,13953.842806984918,10048.48921462041,0.0,9093.706306396261,281773.36080256413,304820.90991594526
1983-07-01,97.10055983205037,319111.00669558067,176337.3606473435,73995.70809026987,80742.07727914401,0.7128309572301372,,,33541.87525890596,14141.815107165772,10183.852473125027,0.0,9216.20767861516,285569.13143667474,308927.15422245563
1983-10-01,97.39510146955911,321370.5925273098,176901.4971849038,74396.14768333209,80950.36426510525,1.1213047910295648,,,33779.38115658548,14241.951562445007,10255.963081276645,0.0,9281.466512863826,287591.2113707243,311114.62944603316
1984-01-01,97.9841847445766,324383.5814716233,177848.04389209845,75847.04172594212,80812.66618608075,1.1144883485308954,,,34723.09158270106,13989.143455466052,11280.001465725916,0.0,9453.946661509095,289660.48988892225,313103.58000589744
1984-04-01,98.1805458362491,331144.46512745,179938.66153589915,76231.47716534088,84515.40232839806,1.1122345803842082,,,35446.79893341293,14280.708678705776,11515.10207470664,0.0,9650.988180000515,295697.66619403707,319629.36305274337
1984-07-01,98.67144856543034,333586.21863591846,181918.08261917983,78310.67413569023,81193.24975756508,1.6177957532861331,,,35708.172305987115,14386.010062819882,11600.01075913978,0.0,9722.151484027456,297878.04632993136,321986.2078767787
1984-10-01,99.26053184044784,334816.3960216805,182035.496402607,80000.28747735049,80622.9709263127,1.9153225806451513,,,35839.85456263832,14439.061847521878,11642.788518271564,0.0,9758.004196844877,298976.5414590422,323173.6075034089
1985-01-01,99.5550734779566,339327.462106824,184956.47003041924,81266.63012561743,79608.7773493243,1.603206412825675,,,37336.13717661875,15086.423587157458,11749.230451191686,0.0,10500.483138269605,301991.32493020524,327578.2316556323
1985-04-01,99.84961511546534,345643.78596739046,187432.86125952535,81603.6126898182,82219.07559104868,1.7000000000000126,,,38031.12110938344,15367.245942891748,11967.93348271583,0.0,10695.941683775862,307612.664858007,333675.85248467466
1985-07-01,99.65325402379284,350789.8929381896,187981.50570066125,84116.71248361703,82831.21066148469,0.9950248756219082,,6.387166666666666,38597.34629668296,15596.040715658646,12146.117695543757,0.0,10855.187885480556,312192.54664150666,338643.7752426459
1985-10-01,99.94779566130158,356341.69449540664,191802.65166808185,84652.23608697164,82934.01197102354,0.6923837784371889,,7.440333333333332,39208.20998343155,15842.872579616795,12338.349103841894,0.0,11026.988299972869,317133.4845119751,344003.34539156477
1986-01-01,100.83142057382783,356500.16894322616,192763.16164639592,84839.92116175233,83968.38801013611,1.2820512820512775,,6.275433333333333,40961.647856475596,16458.978718205737,12805.014429323819,0.0,11697.65470894605,315538.52108675055,343695.1545139023
1986-04-01,101.42050384884531,357580.9127185197,193560.59692550552,87647.92266816128,83745.28729581772,1.5732546705997885,,4.6293,41085.82464460413,16508.87473606771,12843.833315940501,0.0,11733.11659259592,316495.08807391557,344737.07940257917
1986-07-01,101.71504548635406,360097.69478523446,196500.83375216124,88959.92751709041,86187.86231782055,2.0689655172413612,,4.688466666666667,41375.00133995847,16625.070087663797,12934.232798149102,0.0,11815.698454145573,318722.693445276,347163.46198708535
1986-10-01,101.42050384884531,364287.13567955745,197129.07903084627,90736.61240805264,89027.82305957857,1.4734774066797574,3.907977138774788,4.2520999999999995,41856.36549509328,16818.489122289335,13084.711972567522,0.0,11953.164400236423,322430.77018446417,351202.4237069899
1987-01-01,101.22414275717281,365533.3163866075,200125.16894197953,91674.47819616369,87853.26341654937,0.3894839337877265,4.621228187424395,4.1998,44942.53817328759,16745.784156584654,15183.960873248916,0.0,13012.793143454022,320590.7782133199,350349.35551335855
1987-04-01,101.02778166550033,371880.0881246895,201338.24086068643,95475.96831845118,88926.81132796204,-0.38722168441431837,4.4150622641244635,3.439166666666667,45722.87752493839,17036.541974962616,15447.600682323264,0.0,13238.734867652505,326157.2105997511,356432.4874423662
1987-07-01,101.32232330300907,378661.8592323271,204315.67910309814,99106.0013539384,90840.26781092632,-0.3861003861003742,5.84607221708629,3.3747666666666665,46556.70030722383,17347.22795097841,15729.310016420703,0.0,13480.162339824714,332105.15892510326,362932.54921590636
1987-10-01,101.22414275717281,388361.22286257445,208189.5185826992,102290.82793296906,93220.60528963001,-0.1936108422071703,5.698875548089523,3.6614333333333335,47749.2428215919,17791.574451083914,16132.213804543047,0.0,13825.454565964936,340611.98004098254,372229.00905803137
1988-01-01,101.81322603219031,394363.5075222816,209465.4761822868,106416.54206338992,94308.96692939983,0.5819592628516057,4.014458647596155,3.686,49046.08875087068,17324.892884919915,17792.228247025243,0.0,13928.967618925517,345317.41877141094,376571.2792752564
1988-04-01,101.42050384884531,397241.71524769557,213833.63584385123,109011.22946572491,94107.34115014951,0.38872691933915515,4.610023080660845,3.5175666666666667,49404.04487219388,17451.33622866801,17922.08237352558,0.0,14030.626270000288,347837.6703755017,379319.63287416997
1988-07-01,101.91140657802656,404566.56010241824,214762.34625582042,112842.26571785264,93977.89501376693,0.5813953488372103,4.89073141172617,3.9766,50315.01909769519,17773.126024341625,18252.552381635833,0.0,14289.34069171773,354251.54100472305,386314.0077207824
1988-10-01,102.2059482155353,408996.3625690733,216997.48885179104,115739.91286820872,93573.152140331,0.9699321047526688,3.817008193754794,4.158966666666667,50865.94351332742,17967.732908021953,18452.408745301804,0.0,14445.801860003656,358130.4190557459,390543.95382377144
1989-01-01,102.59867039888032,418689.59505674924,223180.46607212667,120217.83029638442,95771.44977593442,0.7714561234329897,4.232773384763731,4.175763333333333,52561.284126971164,20462.53211950144,18176.975951421868,3128.2388343180764,10793.537221729786,366128.3109297781,400512.61910532735
1989-04-01,103.67865640307905,413712.97780686396,219510.36804484416,116717.39733042379,95257.04554425731,2.2265246853823806,2.8910075726821356,4.744363333333333,51936.53157436246,20219.31090855054,17960.92125806762,3076.796414751711,10679.50299299259,361776.4462325015,395752.05654879636
1989-07-01,104.36592022393279,420142.2601754828,224536.33027432443,118289.7214899909,96903.95433778861,2.4084778420038644,2.644584657996136,5.34546,52743.64820993039,20533.527928811996,18240.04190586745,3147.243486140991,10822.834889109963,367398.6119655524,401902.2182696153
1989-10-01,104.95500349895029,431598.3520289357,230806.9601454825,121896.92342514702,97814.94892125542,2.689721421709912,2.7543592234513783,6.202803333333333,54181.81841048768,21093.419194998016,18737.396291015873,3235.1366078994715,11115.86631657431,377416.533618448,412860.9557379198
1990-01-01,105.54408677396778,429271.2197112507,228815.61422482246,121654.84661134219,99324.45789874927,2.8708133971291794,3.5304238910064143,6.680213333333334,54849.63592340094,23722.19217492408,16775.953225247995,4220.430303806557,10131.060219422314,374421.58378784976,412495.2664860027
1990-04-01,106.23135059482154,439776.360960116,236146.02579743526,124906.04006535496,98851.81048526012,2.4621212121212155,4.088459433040075,7.262003333333333,56191.91825300075,24302.7225438082,17186.494976297912,4355.637384167916,10347.063348726728,383584.44270711526,422589.86598381813
1990-07-01,106.52589223233028,448700.4987669316,238925.73596706163,128737.7478204336,100129.27085882387,2.069614299153355,5.269635700846645,7.610263333333333,57332.18968783707,24795.884214863578,17535.25098776196,4406.908242913439,10594.146242298095,391368.3090790945,431165.24777916964
1990-10-01,107.80223932820151,448414.5173371617,237119.68367337264,130009.01482367389,102250.81548575805,2.7128157156220745,4.4519383827385814,8.03911,57295.64873986883,24780.08043831405,17524.07481086304,4373.596190078376,10617.897300613373,391118.86859729287,430890.44252629863
1991-01-01,108.48950314905525,453241.5970589078,237075.44966121347,133082.5957471697,102129.62129201734,2.7906976744185963,3.705474739374507,8.150826666666667,54113.25172808558,24197.29063078949,15011.84919781133,4474.361539689925,10429.750359794834,399128.3453308222,438229.74786109646
1991-04-01,109.3731280615815,457180.80420218204,240593.88821823586,130728.53023557916,101328.18864579604,2.957486136783727,3.6863364438614337,8.102333333333334,54583.5600782818,24407.593790780124,15142.319975377864,4540.765573434456,10492.880738689359,402597.24412390025,442038.48422680417
1991-07-01,109.86403079076275,457160.9559270781,240564.73861575307,128712.56645977429,103350.11343505328,3.133640552995387,3.311625072004613,7.331440000000001,54581.190360422625,24406.534147348604,15141.662579157768,4540.215428489323,10492.778205426926,402579.76556665543,442019.2933479203
1991-10-01,110.74765570328898,460656.33069878706,243835.50747335877,127299.50041673247,106000.97544301738,2.732240437158473,3.1959853692931404,6.5167600000000006,54998.508841631905,24593.142348721576,15257.433151195335,4601.945153783949,10545.988187931041,405657.8218571552,445398.8975475917
1992-01-01,111.04219734079773,459956.96477496735,245706.48388166848,122789.0150954374,107232.80157956146,2.35294117647058,3.195075772681963,5.6207199999999995,48675.83263273951,20769.611669404425,12260.395266300975,4697.210580728241,10948.615116305868,411281.13214222784,447696.56950866635
1992-04-01,111.82764170748773,461356.83971698454,245649.30581525996,123736.50575917825,110668.09524348461,2.244165170556567,3.424463861701497,4.75476,48823.97709755424,20832.823798273155,12297.709670532071,4696.117498387569,10997.326130361442,412532.8626194303,449059.13004645245
1992-07-01,111.63128061581523,463104.11143215623,246405.25896775944,121340.02364452163,111807.95695901956,1.608579088471851,3.6144365365281494,4.292286666666667,49008.88549569802,20911.722820973693,12344.284118809233,4710.5691770342155,11042.309378880876,414095.2259364582,450759.827313347
1992-10-01,111.72946116165147,460272.35490554577,245215.83288043717,118169.63437893563,111996.35974584369,0.8865248226950229,4.0804590482727185,3.9714899999999997,48709.20940140647,20783.85328555145,12268.802156423562,4687.83072620418,10968.723233227283,411563.1455041393,448003.5527491222
1993-01-01,112.02400279916021,462602.29300033965,248330.05002680662,116406.15571267474,114921.82254389129,0.8841732979663952,3.65602342334508,3.4726133333333333,48656.54855218562,21292.892116596853,10911.320592828868,4977.161015301396,11475.1748274585,413945.744448154,451690.9724075108
1993-04-01,111.82764170748773,458702.5745719319,246727.73918543616,112199.97314530259,115796.8267269199,0.0,4.729550000000001,3.1998200000000003,48246.37583596103,21113.39390606566,10819.338606059753,4945.046661628923,11368.596662206694,410456.1987359709,447883.2359658722
1993-07-01,112.12218334499647,456603.9572121191,247246.82633734128,108959.07606987053,117145.17427040746,0.4397537379067673,3.939027512093233,3.0832833333333336,48025.64308343203,21016.79768569958,10769.838879921177,4955.4504783870125,11283.556039424258,408578.314128687,445834.1183321979
1993-10-01,112.41672498250522,458369.41451966355,252286.1403078189,107173.7735577049,117629.85162437457,0.6151142355008687,3.125590682531918,2.4816933333333333,48211.33403330651,21098.059046818635,10811.480417300147,5056.451050146319,11245.343519041418,410158.08048635704,447557.9341023634
1994-01-01,112.2,465063.8,252337.8,108770.79999999999,117893.1,0.15710668824726604,3.8548933117527335,2.2737933333333333,45498.246343175095,18204.20232631349,11022.91533147772,4974.655228677413,11296.47345670647,419565.55365682486,454040.8846685223
1994-04-01,112.6,461491.7,253541.7,109173.3,119541.2,0.6906684972688204,3.4747249453541302,2.10932,45148.779698464285,18064.37800300597,10938.249623556414,4998.38923693858,11147.762834963321,416342.92030153575,450553.4503764436
1994-07-01,112.2,466136.1,255484.8,111257.70000000001,118311.8,0.06940344246071373,4.519924682539286,2.1337800000000002,45603.151884207924,18246.17584941829,11048.330924155418,5036.696032729155,11271.949077905065,420532.94811579207,455087.76907584455
1994-10-01,112.4,464397.0,255657.7,110659.2,117548.79999999999,-0.01487766389548506,4.667828483567616,2.2659466666666663,45433.011786837604,18178.101472815142,11007.110876383538,5040.1046298122665,11207.694807826652,418963.9882131624,453389.88912361645
1995-01-01,111.8,468894.7,257636.2,110657.6,117731.9,-0.35650623885918886,4.7862275503345995,2.2187033333333335,45904.10253707076,17250.32449762356,12141.372942216982,5129.14586894358,11383.259228286634,422990.59746292926,456753.327057783
1995-04-01,111.5,473148.9,260003.6,112179.59999999999,119392.1,-0.9769094138543433,4.340844897725311,1.3716666666666668,46320.58246958697,17406.833689298768,12251.529505664552,5176.277211239954,11485.942063383693,426828.31753041304,460897.3704943355
1995-07-01,111.6,478593.2,261310.1,112704.0,123798.8,-0.5347593582887722,3.641431233288772,0.7999999999999999,46853.57144438785,17607.125869317886,12392.502045361229,5202.287644081982,11651.65588562676,431739.6285556122,466200.6979546388
1995-10-01,111.7,479790.6,263008.0,114891.09999999999,124448.9,-0.6227758007117501,3.590259671679492,0.4633333333333334,46970.79514595217,17651.177419811964,12423.50704490806,5236.090257111047,11660.020424121103,432819.80485404783,467367.0929550919
1996-01-01,111.6,484271.4,262935.0,116329.7,126890.3,-0.17889087656529634,3.429636639277161,0.4633333333333334,46150.04091517018,16811.93295733414,12839.101107886543,5376.895426518213,11122.111423431284,438121.35908482986,471432.2988921135
1996-04-01,111.6,489493.2,265556.9,120183.5,126109.0,0.08968609865469546,3.234088094893692,0.4766666666666666,46647.6674189258,16993.212610678544,12977.542523516626,5430.512031834311,11246.400252896316,442845.5325810742,476515.6574764834
1996-07-01,111.5,490386.3,265852.6,122638.1,124327.0,-0.08960573476701761,3.2591838597670177,0.4633333333333333,46732.77796136407,17024.217409483914,13001.220570990532,5436.558955893949,11270.781024995673,443653.5220386359,477385.07942900946
1996-10-01,111.3,495642.7,268202.3,123472.6,124337.2,-0.35810205908684,3.0906988332803884,0.48333333333333334,47233.701771992775,17206.69823407304,13140.579308804688,5484.609200949533,11401.81502816551,448408.9982280072,482502.1206911953
1997-01-01,110.9,498906.6,272127.5,125035.7,123948.29999999999,-0.6272401433691677,3.213205660610547,0.49666666666666665,48533.32659096903,17259.442989100815,12124.356740986885,8494.710718186447,10654.816142694888,450373.2734090309,486782.2432590131
1997-04-01,112.0,495396.6,265219.5,121590.5,124395.40000000001,0.35842293906811484,2.2341326164874404,0.49666666666666665,48191.8759540476,17138.0161631343,12039.057223680711,8279.071131444085,10735.731435788504,447204.7240459524,483357.54277631926
1997-07-01,111.8,496173.4,265536.0,119802.1,124659.70000000001,0.2690582959641308,2.0935607516549166,0.49,48267.442579335526,17164.889199718575,12057.93490602927,8288.950970645585,10755.667502942097,447905.9574206645,484115.46509397076
1997-10-01,111.9,496112.5,265055.7,120634.8,122811.70000000001,0.5390835579514919,1.4158180813927703,0.4533333333333333,48261.51826486585,17162.782392396246,12056.454922951221,8273.95796347819,10768.322986040193,447850.98173513415,484056.04507704877
1998-01-01,111.7,488262.7,264438.5,116429.3,120180.40000000001,0.7213706041478751,1.2019127291854583,0.43333333333333335,44433.09128746682,15277.366697029951,10268.027091715896,9010.632221795693,9877.065276925283,443829.6087125332,477994.6729082841
1998-04-01,111.5,485562.0,264385.7,114603.2,120413.09999999999,-0.44642857142856984,2.1075898617511504,0.4366666666666667,44187.32102969357,15192.863858212508,10211.232131202636,9008.833083692465,9774.391956585965,441374.6789703064,475350.76786879735
1998-07-01,111.1,486201.9,266680.0,113236.9,122768.90000000001,-0.6261180679785316,2.0488640997245633,0.38666666666666666,44245.553483482996,15212.885840128041,10224.689048013995,9087.01040471972,9720.968190621245,441956.34651651705,475977.210951986
1998-10-01,111.3,490396.6,266109.5,110667.3,127899.4,-0.5361930294906281,1.6575478682003055,0.22999999999999998,44627.28136895026,15344.134797060511,10312.902407833659,9067.570853812667,9902.673310243425,445769.3186310497,480083.6975921663
1999-01-01,110.6,483234.3,266976.4,108164.70000000001,129177.1,-0.9847806624888156,2.926863995822149,0.15,42695.974924088696,13962.594829148466,9757.853240809787,9451.389788381664,9524.137065748779,440538.3250759113,473476.4467591902
1999-04-01,110.2,485675.7,267444.8,110494.70000000001,129253.5,-1.1659192825112075,2.6922143644784207,0.03,42911.68385282093,14033.136756772154,9807.151941051292,9467.971894428783,9603.423260568694,442764.01614717906,475868.5480589487
1999-07-01,109.5,488375.6,269630.7,110170.9,128637.7,-1.4401440144014344,3.2073344905919106,0.03,43150.232446531154,14111.147795680645,9861.670479915072,9545.356236035095,9632.05793490034,445225.3675534688,478513.92952008493
1999-10-01,109.4,488083.0,269803.0,109962.6,128740.90000000001,-1.7070979335130243,3.4479995728572868,0.023333333333333334,43124.37988957734,14102.693397375293,9855.76206683624,9551.45593046703,9614.468494898778,444958.62011042266,478227.23793316376
2000-01-01,109.1,497256.7,272075.0,114059.2,126743.5,-1.3562386980108476,3.1322059111256015,0.023333333333333334,46374.607423453475,17181.71775042692,10742.357176727488,9027.172455735057,9423.360040564008,450882.09257654654,486514.3428232725
2000-04-01,108.8,500294.0,271398.9,113848.6,127447.1,-1.2704174228675202,2.976562584157843,0.02,46657.868755331474,17286.665620055162,10807.972705795019,9004.740143698586,9558.490285782702,453636.1312446685,489486.027294205
2000-07-01,108.4,500070.2,271787.6,116042.7,127398.8,-1.0045662100456543,2.7762328767123208,0.14333333333333334,46636.99696588878,17278.932655506786,10803.137900077667,9017.636815327896,9537.289594976426,453433.20303411124,489267.06209992233
2000-10-01,108.1,505252.4,275117.0,119275.6,126603.7,-1.188299817184657,2.9193643333136894,0.24666666666666667,47120.29360239427,17457.99328500913,10915.090224422893,9128.102929355737,9619.107163606504,458132.10639760573,494337.30977557716
2001-01-01,108.3,508205.8,276417.5,119528.1,128401.6,-0.7332722273143855,2.088051888331335,0.20333333333333334,45145.721823334374,16765.77999226671,9658.271867277312,9029.609375012156,9692.060588778193,463060.0781766656,498547.52813272265
2001-04-01,107.6,504350.4,279080.2,115241.7,126565.1,-1.1029411764705954,2.3706992409867245,0.02,44803.232981377674,16638.58981029283,9585.001350968565,9116.590629393104,9463.05119072318,459547.16701862233,494765.3986490315
2001-07-01,107.2,498414.0,278529.0,113801.0,126723.6,-1.1070110701107083,2.4479951970948353,0.008333333333333333,44275.88153628979,16442.74714902038,9472.182164109807,9098.58482047179,9262.367402687809,454138.1184637102,488941.8178358902
2001-10-01,106.9,497325.6,278523.6,111024.2,126974.6,-1.1100832562442098,2.4625993852764676,0.0023333333333333335,44179.19510801109,16406.84068171209,9451.497506240208,9098.40842103751,9222.448499021279,453146.4048919889,487874.10249375977
2002-01-01,107.1,498585.7,280259.8,110308.70000000001,127335.8,-1.1080332409972304,2.572205654790334,0.0013333333333333333,41044.5422461118,13869.851360563622,8917.523558093435,9213.405957849343,9043.761369605405,457541.1577538882,489668.1764419066
2002-04-01,106.0,502164.3,282276.4,109334.9,126585.4,-1.4869888475836368,2.8629082024223464,0.001,41339.139541786215,13969.402250368346,8981.529103789977,9279.700711697733,9108.507475930159,460825.16045821377,493182.77089621
2002-07-01,105.6,503710.2,282346.4,110384.40000000001,127160.20000000001,-1.4925373134328401,2.7290841884328403,0.0030000000000000005,41466.40102934646,14012.406699188872,9009.178512243643,9282.001927987223,9162.813889926721,462243.79897065356,494701.02148775634
2002-10-01,105.3,504886.5,281370.5,110083.6,126562.3,-1.4967259120673648,2.5133226862609135,0.002,41563.23632775975,14045.129471132452,9030.217388732448,9249.91968545988,9237.96978243496,463323.26367224025,495856.2826112675
2003-01-01,104.5,504305.4,281692.0,109707.0,126245.4,-2.42763772175536,3.225413583824326,0.0016666666666666668,41148.9255873329,13228.72206664839,9616.601946772586,9276.042863627672,9027.558710284242,463156.4744126671,494688.7980532274
2003-04-01,104.5,508466.6,282589.0,110786.1,127084.20000000001,-1.4150943396226467,2.0130943396226466,0.001,41488.45974491678,13337.876872969591,9695.951888337575,9305.580835769852,9149.050147839767,466978.1402550832,498770.6481116624
2003-07-01,104.1,509942.6,282804.6,109537.0,126624.6,-1.4204545454545414,2.611724386724383,0.0016666666666666668,41608.894335081604,13376.594669309614,9724.09773899362,9312.680486599118,9195.521440179251,468333.70566491835,500218.50226100633
2003-10-01,103.4,515099.4,286023.2,112264.2,126229.29999999999,-1.8043684710351338,3.1858110939859534,0.001,42029.66472435121,13511.865626061803,9822.432781448286,9418.66813112176,9276.698185719362,473069.7352756488,505276.9672185517
2004-01-01,103.0,519509.6,286554.4,112607.9,125241.1,-1.4354066985645897,2.748209977253114,0.0006666666666666666,44291.55515219514,14252.983392052443,11118.016839482674,9692.221355313193,9228.333565346838,475218.0448478048,508391.58316051733
2004-04-01,102.8,519127.0,286474.7,112703.3,124652.7,-1.6267942583732098,3.220449996078128,0.0006666666666666666,44258.93602638644,14242.486586130473,11109.828822855483,9689.525636657263,9217.094980743217,474868.06397361355,508017.1711771445
2004-07-01,102.7,522004.7,288498.6,113520.9,124533.9,-1.3448607108549337,2.998305155299378,0.0006666666666666666,44504.278573014024,14321.437601294221,11171.414435631415,9757.98065532394,9253.445880764451,477500.421426986,510833.2855643686
2004-10-01,102.7,520014.3,285921.7,115362.5,124246.7,-0.6769825918762074,2.131376034499158,0.001,44334.58409311427,14266.830067297655,11128.817916303753,9670.821340336957,9268.114769175896,475679.71590688574,508885.48208369623
2005-01-01,102.1,523233.6,288638.4,116811.6,124463.5,-0.8737864077669966,2.2727864077669966,0.0013333333333333333,47781.87296921326,15178.180426754105,12926.369071568743,10329.908742450707,9347.414728439699,475451.7270307867,510307.2309284312
2005-04-01,101.6,528262.4,290605.3,119666.8,122095.3,-1.1673151750972832,2.4402332078841686,0.001,48241.10472112594,15324.057973092991,13050.604450923407,10400.300961592466,9466.14133551708,480021.2952788741,515211.79554907663
2005-07-01,101.1,533023.4,293290.2,122019.6,122672.4,-1.5579357351509282,2.903396052611246,0.001,48675.88088459562,15462.167064351232,13168.2238911691,10496.389257476194,9549.10067159909,484347.5191154044,519855.1761088309
2005-10-01,100.9,534521.8,293770.7,120761.3,122432.5,-1.7526777020447915,3.27489081679889,0.001,48812.71528983462,15505.633282024266,13205.241528065579,10513.58558738499,9588.254892359782,485709.08471016545,521316.55847193446
2006-01-01,100.7,534938.6,293772.3,120129.29999999999,123220.1,-1.3712047012732542,2.944696504551943,0.0013333333333333333,48551.97779055359,13905.988719300316,14760.685430988124,10382.63986673411,9502.66377353103,486386.6222094464,520177.91456901183
2006-04-01,100.5,536419.2,294764.7,121914.20000000001,122327.0,-1.0826771653543288,2.9696610363220706,0.019333333333333334,48686.35967721627,13944.477635407318,14801.539971769293,10417.713737904902,9522.628332134766,487732.8403227837,521617.66002823063
2006-07-01,100.4,536343.8,292434.9,121895.0,120976.3,-0.6923837784371778,2.4937964768498766,0.222,48679.51623924899,13942.517575786578,14799.459442001025,10335.372842042641,9602.166379418744,487664.2837607511,521544.34055799904
2006-10-01,100.5,543553.3,297061.0,123619.79999999999,121284.29999999999,-0.3964321110009994,2.0976740464848707,0.25533333333333336,49333.863268760404,14129.932029841299,14998.392855321188,10498.870660889066,9706.667722708853,494219.43673123966,528554.9071446789
2007-01-01,99.9,547463.0,296131.3,124444.2,122157.59999999999,-0.7944389275074459,2.471201639371853,0.37766666666666665,51285.43726652649,16164.22828021659,14821.632304404571,10297.384123010897,10002.192558894427,496177.5627334735,532641.3676955954
2007-04-01,99.9,548309.8,298727.7,122955.4,122279.3,-0.5970149253731294,2.3438375060182906,0.514,51364.76410373248,16189.230642947385,14844.557978350338,10387.668831641784,9943.306650792969,496945.03589626757,533465.2420216497
2007-07-01,99.4,544708.5,295267.5,119458.90000000001,121868.5,-0.9960159362549792,2.7218385169001404,0.498,51027.40021753753,16082.899739661601,14747.058888150903,10267.347175192626,9930.094414532401,493681.09978246246,529961.4411118492
2007-10-01,99.0,547801.9,296801.7,116645.3,123220.0,-1.4925373134328401,3.068005055368324,0.501,51317.184863514114,16174.234539934903,14830.807447177622,10320.695965818688,9991.446910582894,496484.71513648593,532971.0925528224
2008-01-01,98.9,548954.6,297292.8,117796.3,122188.8,-1.0010010010010006,2.396967102695916,0.5056666666666666,45545.02015101203,15417.626136333825,10299.543426495879,10230.414164586136,9597.436423596186,503409.5798489879,538655.0565735041
2008-04-01,98.7,546314.5,294132.1,117546.5,120271.0,-1.2012012012012074,2.8131528141044333,0.5066666666666667,45325.97943671491,15343.477791894165,10250.00959510018,10121.648429088984,9610.843620631576,500988.5205632851,536064.4904048998
2008-07-01,97.9,540237.4,293491.6,116977.2,120473.40000000001,-1.5090543259557387,3.0335463894478023,0.5006666666666667,44821.78174539452,15172.79982363757,10135.990411442452,10099.607598391376,9413.383911923123,495415.6182546055,530101.4095885576
2008-10-01,99.2,527415.3,289429.3,113718.7,120629.79999999999,0.20202020202020332,1.231192912733895,0.333,43757.97282043371,14812.685628251129,9895.420834707193,9959.816081540652,9090.050275934733,483657.3271795663,517519.87916529283
2009-01-01,99.2,504030.2,291228.8,105657.7,121447.5,0.30333670374114163,0.9856124488012312,0.11033333333333334,39087.96672716927,13032.215173017166,6414.6363628157505,10005.57228356627,9635.542907770081,464942.2332728307,497615.56363718427
2009-04-01,98.6,509666.3,289779.0,101126.8,124836.2,-0.10131712259372483,1.5514482701347083,0.10333333333333333,39525.051031385556,13177.942290036424,6486.365263196055,9955.762379131287,9904.981099021788,470141.24896861444,503179.93473680393
2009-07-01,97.8,506351.8,289121.0,97557.59999999999,125194.20000000001,-0.10214504596527396,1.4565644008039837,0.10333333333333333,39268.008763447644,13092.24251016021,6444.182647502486,9933.155869876067,9798.427735908877,467083.79123655235,499907.61735249753
2009-10-01,97.2,514481.6,292667.6,96741.59999999999,125737.4,-2.0161290322580627,3.3358503437334726,0.104,39898.48160396103,13302.446785446878,6547.6480960062045,10055.004267633762,9993.382454874194,474583.11839603895,507933.9519039938
2010-01-01,97.1,520871.6,294517.0,97819.20000000001,125452.0,-2.116935483870974,3.460135483870974,0.09800000000000002,42347.33582232968,13253.727625448517,9153.711625237567,10300.915211380037,9638.981360263562,478524.2641776703,511717.88837476243
2010-04-01,96.6,528044.5,297236.4,98614.9,125677.3,-2.0283975659229236,3.312463139693415,0.09300000000000001,42930.499129985525,13436.244128334409,9279.766987282006,10396.027917355677,9818.460097013436,485114.0008700145,518764.733012718
2010-07-01,95.9,537146.6,301903.6,99494.0,125626.2,-1.942740286298561,2.998645048203323,0.09333333333333334,43670.50815598814,13667.849679912944,9439.725792070125,10559.26613951111,10003.666544493955,493476.09184401185,527706.8742079298
2010-10-01,95.8,532533.6,297317.5,99556.9,125498.1,-1.440329218107006,2.490345611549629,0.08966666666666667,43295.46705152323,13550.470568561523,9358.657690589413,10398.864440285226,9987.474352087069,489238.13294847676,523174.94230941054
2011-01-01,95.6,524901.3,291097.8,101012.29999999999,125852.3,-1.5447991761071034,2.7954825094404367,0.08766666666666667,44838.05041412242,14107.164519333326,9789.238679011418,10573.985377491046,10367.661838286629,480063.24958587764,515112.06132098864
2011-04-01,94.8,521538.8,294504.0,99789.4,126805.5,-1.8633540372670732,3.048009774971991,0.06666666666666667,44550.819377511376,14016.794499872032,9726.529146651379,10697.713928489407,10109.781802498557,476987.9806224886,511812.2708533486
2011-07-01,94.5,534019.7,297434.0,101779.1,126444.59999999999,-1.4598540145985495,2.5177429034874383,0.078,45616.96119010284,14352.2291990228,9959.293875999303,10804.144747121663,10501.29336795908,488402.7388098971,524060.40612400067
2011-10-01,94.5,534205.4,300592.0,106590.29999999999,125935.9,-1.3569937369519836,2.3659281631814917,0.07866666666666666,45632.824031292046,14357.220042922865,9962.757120656333,10918.857554371036,10393.989313341814,488572.57596870797,524242.6428793437
2012-01-01,94.4,542333.9,301315.8,106012.5,128497.09999999999,-1.2552301255229992,2.243967830441032,0.083,47136.84712109897,15013.460380092085,10470.31269802055,10962.83595481402,10690.238088172317,495197.0528789011,531863.5873019794
2012-04-01,94.0,537301.6,302047.0,106057.9,128697.1,-0.8438818565400852,1.7348979855723434,0.07833333333333332,46699.46572973195,14874.150931299122,10373.158980374928,10989.439357789102,10462.716460268788,490602.134270268,526928.441019625
2012-07-01,93.9,535176.4,302510.7,105933.79999999999,128516.6,-0.6349206349206327,1.4325873015872994,0.085,46514.75437847444,14815.318898118509,10332.129812650337,11006.310252153911,10360.995415551684,488661.6456215256,524844.2701873496
2012-10-01,93.9,534884.9,304055.0,106353.9,128646.1,-0.6349206349206327,1.3921303123399875,0.08433333333333333,46489.41871176468,14807.249286942082,10326.502105897222,11062.496842983262,10293.170475942117,488395.48128823534,524558.3978941028
2013-01-01,93.9,541713.0,308865.3,105535.0,128626.0,-0.5296610169491567,1.2401954997077773,0.08266666666666667,49403.45760413374,16341.38081690972,11041.38536832652,11452.631119831893,10568.060299065608,492309.54239586624,530671.6146316734
2013-04-01,93.8,547274.5,310951.3,109012.6,130891.0,-0.21276595744681437,0.9470078929306853,0.073,49910.658519499244,16509.14970821054,11154.741822253136,11529.97936360019,10716.787625435378,497363.84148050076,536119.7581777469
2013-07-01,93.9,552467.5,312523.7,111315.1,132518.9,0.0,0.771984126984127,0.07266666666666666,50384.252757293536,16665.802383302722,11260.58737925051,11588.283476016913,10869.579518723394,502083.2472427065,541206.9126207494
2013-10-01,94.0,551692.3,311768.4,113256.90000000001,133043.1,0.10649627263044081,0.5342617918856882,0.07233333333333333,50313.55561630796,16642.41760499896,11244.786979523116,11560.277182384027,10866.073849401855,501378.7443836921,540447.5130204769
2014-01-01,94.0,557453.6,318136.9,116794.29999999999,132549.4,0.10649627263044081,0.5224864859902488,0.074,56979.371888133355,17726.193098776497,11646.571916264416,17301.521180982658,10305.08569210978,500474.2281118666,545807.0280837356
2014-04-01,96.0,549439.7,303781.6,113472.0,131514.7,2.3454157782516027,-1.7427544879290222,0.06666666666666667,56160.24185045074,17471.363030633995,11479.141904726685,16520.824169698015,10688.912745392046,493279.4581495492,537960.5580952732
2014-07-01,95.9,550515.1,305909.2,114027.1,132827.30000000002,2.1299254526091493,-1.5958937065774035,0.067,56270.16241877876,17505.559146792228,11501.609646326615,16636.531327417408,10626.462298242517,494244.9375812212,539013.4903536733
2014-10-01,96.2,553702.1,306555.3,114701.7,133205.9,2.3404255319148914,-1.8921796302755471,0.064,56595.91734835043,17606.90099372944,11568.193887054691,16671.668756728606,10749.153710837698,497106.1826516496,542133.9061129453
2015-01-01,97.0,562598.1,308718.5,119464.79999999999,132989.9,3.1914893617021267,-2.84917269503546,0.07333333333333333,57686.425690752025,18250.344688281337,11096.909776319408,17860.25001326539,10478.921212885887,504911.67430924793,551501.1902236806
2015-04-01,97.5,562950.6,308867.7,119534.6,132356.6,1.5625,-1.1579918032786884,0.06733333333333334,57722.56954736297,18261.779576708115,11103.862627202041,17868.881660873096,10488.045682579708,505228.030452637,551846.7373727979
2015-07-01,97.7,563785.9,309954.4,120107.29999999999,132958.19999999998,1.8769551616266922,-1.47939064549766,0.07433333333333332,57808.21767056049,18288.876207354617,11120.338418243924,17931.750370358972,10467.252674602982,505977.68232943956,552665.5615817561
2015-10-01,97.8,562700.9,308222.8,120242.3,134289.8,1.6632016632016633,-1.3533819910705156,0.07633333333333332,57696.96636723317,18253.67945857998,11098.93744460518,17831.572347587513,10512.7771164605,505003.9336327668,551601.9625553949
2016-01-01,98.2,567568.7,308599.9,119616.6,136653.9,1.2371134020618513,-1.1822445496028349,0.034666666666666665,56649.85689389848,17986.145219892613,10548.863805313058,17619.62043734187,10495.227431350933,510918.8431061015,557019.8361946869
2016-04-01,98.1,565638.0,306370.7,119748.4,134731.0,0.6153846153846176,-0.7370239596469127,-0.050333333333333334,56457.15092067437,17924.96170047718,10512.979706438478,17492.343474909532,10526.866038849179,509180.8490793256,555125.0202935615
2016-07-01,97.9,566922.2,307773.5,120428.1,135071.6,0.20470829068577334,-0.33238571004061207,-0.04599999999999999,56585.3287892269,17965.657756639863,10536.847919923088,17572.436837057423,10510.386275606532,510336.87121077307,556385.3520800768
2016-10-01,98.0,567015.4,308237.1,121263.4,135137.9,0.2044989775051187,-0.20810553488216788,-0.043333333333333335,56594.63121669079,17968.61124708868,10538.580140369098,17598.906243025318,10488.533586207692,510420.76878330926,556476.8198596309
2017-01-01,97.9,571109.2,309184.7,121412.40000000001,135660.4,-0.3054989816700604,0.3794334078995686,-0.041666666666666664,59432.31785648835,19088.705130156417,12126.8719095715,17781.167344642803,10435.573472117636,511676.8821435116,558982.3280904285
2017-04-01,98.0,572959.2,311155.3,122250.7,135679.4,-0.10193679918449883,0.14427550886191817,-0.05433333333333334,59624.83758482491,19150.539372173163,12166.154612481398,17894.496265412014,10413.64733475834,513334.36241517507,560793.0453875186
2017-07-01,98.3,579499.5,310198.1,123493.7,135635.1,0.40858018386107364,-0.36035437740946075,-0.05366666666666667,60305.45206008952,19369.141800855392,12305.03064590928,17839.447831960126,10791.83178136473,519194.0479399105,567194.4693540907
2017-10-01,98.1,580415.5,311519.6,123664.6,135814.4,0.10204081632652073,-0.0515569453587788,-0.042333333333333334,60400.77534179562,19399.75810663233,12324.480892323043,17915.4471056821,10761.089237158156,520014.72465820436,568091.0191076769
2018-01-01,98.3,579461.1,310584.8,123549.4,136861.1,0.40858018386107364,-0.34822425165768384,-0.04800000000000001,61434.59449904042,20256.10028576263,12538.046255892994,18011.103354667903,10629.344602716885,518026.5055009596,566923.053744107
2018-04-01,98.0,583140.8,310821.5,125567.1,137178.5,0.0,0.045838709677419355,-0.065,61824.71711016674,20384.730787830023,12617.665489708363,18024.829809291732,10797.491023336617,521316.0828898333,570523.1345102917
2018-07-01,97.9,580308.1,311438.6,122836.0,136987.5,-0.4069175991861518,0.5002401798313131,-0.06266666666666666,61524.39362712804,20285.708687330993,12556.373155108047,18060.616016086675,10621.69576860233,518783.70637287194,567751.7268448919
2018-10-01,97.8,580731.8,311610.1,125338.70000000001,137492.2,-0.3058103975535187,0.41022975239222836,-0.066,61569.31439521627,20300.519879473275,12565.540932200627,18070.561461663296,10632.692121879072,519162.48560478375,568166.2590677994
2019-01-01,98.5,581394.6,310389.0,126612.2,138435.3,0.20345879959309254,-0.2189415582137822,-0.05433333333333334,59418.9953060001,19491.350039145746,10977.692807652333,18689.545696999376,10260.406762202652,521975.60469399986,570416.9071923477
2019-04-01,98.5,583721.5,310296.0,126655.4,140262.9,0.5102040816326481,-0.5847295053614616,-0.06033333333333333,59656.8063558061,19569.359746160724,11021.628532879444,18683.945860182284,10381.872216583646,524064.69364419393,572699.8714671206
2019-07-01,98.5,584040.1,312605.3,129004.1,140618.8,0.6128702757916216,-0.8099025338561376,-0.058666666666666666,59689.36753182062,19580.040863808652,11027.644228464711,18822.996431813623,10258.686007733628,524350.7324681793,573012.4557715353
2019-10-01,99.5,567237.9,301395.2,121937.2,141097.5,1.7382413087934534,-1.8249187281482921,-0.034333333333333334,57972.169190228735,19016.744332283022,10710.39086888288,18147.999327477028,10097.034661585816,509265.7308097713,556527.5091311171
2020-01-01,99.7,569327.7,301702.7,124172.09999999999,141212.5,1.2182741116751217,-1.2478603185716735,-0.03166666666666667,62535.17377424883,19730.44901306576,11551.121037331739,21584.613606520696,9668.990117330652,506792.52622575115,557776.5789626682
2020-04-01,100.1,528260.9,278907.7,117438.8,143428.9,1.624365482233503,-1.6149064658400603,-0.043666666666666666,58024.380650442785,18307.250381539896,10717.914472086635,19953.798677915023,9045.417118901238,470236.51934955723,517542.9855279134
2020-07-01,100.0,554640.4,293551.0,117154.8,145026.80000000002,1.522842639593902,-1.4907606723807874,-0.039,60921.91508724922,19221.450375216944,11253.129599339873,21001.419307178083,9445.915805514313,493718.4849127508,543387.2704006601
2020-10-01,100.0,563859.2,298990.4,119186.5,146186.8,0.5025125628140614,-0.4749252612267598,-0.026,61934.51162873146,19540.934326835053,11440.170339881663,21390.568450527844,9562.838511486902,501924.6883712685,552419.0296601183
2021-01-01,99.8,569818.7,296682.3,121373.4,145652.6,0.10030090270811698,-0.01880090270811699,-0.016666666666666666,66583.6698960283,21237.320179344173,13550.360194122055,21741.622141956246,10054.367380605829,503235.03010397166,556268.3398058779
2021-04-01,99.9,574053.9,298648.7,123145.7,148063.0,-0.19980019980019303,0.28140675717724223,-0.019333333333333334,67078.55565310096,21395.16740061571,13651.073781609,21885.72485984654,10146.589611029716,506975.3443468991,560402.8262183911
2021-07-01,100.0,573222.6,295865.4,121934.8,148333.9,0.0,0.03359016393442623,-0.030666666666666665,66981.41773048704,21364.184591057,13631.305363286867,21681.757663597535,10304.170112545638,506241.1822695129,559591.2946367131
2021-10-01,99.9,580022.4,304752.1,122097.8,146980.8,-0.09999999999998899,0.17666666666665565,-0.031,67775.97859442326,21617.61525199443,13793.005460612543,22332.99730104447,10032.360580771812,512246.42140557675,566229.3945393874
2022-01-01,100.4,577826.1,301818.2,123022.3,146154.9,0.6012024048096309,-0.4158803709113259,-0.015333333333333332,70277.96353532163,22249.607257974756,14759.30691345197,22655.734598792667,10613.314765102241,507548.13646467833,563066.793086548
2022-04-01,100.0,583561.9,306675.0,125177.4,146836.6,0.10010010010008674,0.1448179326867985,-0.02266666666666667,70975.57886153467,22470.468339380204,14905.81540899099,23020.30629062377,10578.988822539708,512586.32113846537,568656.0845910091
2022-07-01,100.1,581474.4,306793.3,126601.1,146172.7,0.09999999999998899,0.13485483870968842,-0.026333333333333334,70721.68716491523,22390.087658841505,14852.49477639611,23029.18638268925,10449.918346988366,510752.71283508476,566621.905223604
2022-10-01,101.7,583888.3,307810.3,126496.1,147526.2,1.8018018018018056,-1.5065759953501927,-0.061,71015.27718478093,22483.03660483066,14914.152584789297,23105.52665006534,10512.561345095626,512873.0228152191,568974.1474152107
2023-01-01,103.0,588045.6,309104.9,127840.7,148848.1,2.589641434262946,-2.125691434262946,-0.018666666666666668,68807.40846658476,21052.884089366573,15141.31290018625,22179.267334718177,10433.944142313767,519238.1915334152,572904.2870998137
2023-04-01,104.7,589592.0,306491.6,127057.70000000001,146965.9,4.699999999999993,-4.264080645161283,-0.044000000000000004,68988.35323762416,21108.247448867594,15181.130435201985,21991.754683427884,10707.220670126704,520603.64676237584,574410.869564798
2023-07-01,106.2,581571.3,304427.2,126125.8,146407.30000000002,6.0939060939060985,-5.4872448035835175,-0.05433333333333334,68049.84850076716,20821.09477326628,14974.609157977016,21843.62736650152,10410.517203022335,513521.4514992329,566596.690842023
2023-10-01,106.7,584165.1,304350.2,128677.2,146220.2,4.916420845624381,-4.144017619817929,-0.015666666666666666,68353.34988923195,20913.956569615064,15041.39570888481,21838.102369696968,10559.895241035107,515811.750110768,569123.7042911152
2024-01-01,106.5,581006.3,303295.8,125871.6,146267.0,3.398058252427183,-2.686472045530631,0.0006666666666666661,68939.55060587825,19434.674201302758,16412.158364068007,22997.057059270766,10095.660981236724,512066.7493941218,564594.141635932
2024-04-01,108.5,582394.9,303446.1,127030.40000000001,149166.5,3.629417382999045,-2.6890141571925934,0.077,69104.31553178582,19481.122903487103,16451.38327970893,23008.453384824923,10163.355963764854,513290.5844682142,565943.5167202911
2024-07-01,109.0,586251.3,305069.6,127838.59999999999,149358.6,2.6365348399246757,-1.6790025818601597,0.17733333333333334,69561.89832040017,19610.11957286901,16560.31815273043,23131.55341501237,10259.907179788357,516689.4016795999,569690.9818472696
2024-10-01,109.9,588234.4,304995.1,127737.0,149262.8,2.9990627928772273,-1.9753643801788148,0.227,69797.20389764867,19676.454313832408,16616.33639427408,23125.904537741677,10378.508651800488,518437.19610235136,571618.063605726
2025-01-01,110.4,590458.0,307197.5,127955.5,148875.2,3.6619718309859106,-2.2973753397578403,0.416,,,,,,,
2025-04-01,112.1,593596.9,307992.3,129453.5,149294.69999999998,3.3179723502304137,-1.8997465437788006,0.47700000000000004,,,,,,,
2025-07-01,112.7,590141.1,308605.9,127344.0,149198.9,3.394495412844045,-1.8204792838117871,0.47733333333333333,,,,,,,
